日历天	当期零售市值	当期零售金额	当期零售数量	星期	周次	年份	去除节假日	年份周
2016/1/1	145371065.4	86341787.92	500568	5	1	2016	0	201601
2016/1/2	99320927.7	58555026.8	349786	6	1	2016	0	201601
2016/1/3	69263806.7	40428138.82	247399	7	1	2016	0	201601
2016/1/4	22743287	14138776.71	86151	1	2	2016	14138776.71	201602
2016/1/5	21528290.9	13293332.04	80483	2	2	2016	13293332.04	201602
2016/1/6	22869949.9	14256425.4	85879	3	2	2016	14256425.4	201602
2016/1/7	24207569	14634295.75	92020	4	2	2016	14634295.75	201602
2016/1/8	26982403.9	16525126.05	100667	5	2	2016	16525126.05	201602
2016/1/9	48764498	29231033.27	174033	6	2	2016	29231033.27	201602
2016/1/10	54080531.8	32309008.72	192130	7	2	2016	32309008.72	201602
2016/1/11	28179774	16844716.94	101457	1	3	2016	16844716.94	201603
2016/1/12	30539006.9	18408393.2	108875	2	3	2016	18408393.2	201603
2016/1/13	32298558.9	19339607.68	115719	3	3	2016	19339607.68	201603
2016/1/14	32162468.9	19726252.34	115334	4	3	2016	19726252.34	201603
2016/1/15	38015700	23210738.24	136997	5	3	2016	23210738.24	201603
2016/1/16	67927353	40864010.76	239924	6	3	2016	40864010.76	201603
2016/1/17	78693911.7	47066327.69	275749	7	3	2016	47066327.69	201603
2016/1/18	42435037.8	26244218.34	149840	1	4	2016	26244218.34	201604
2016/1/19	86557413	39324838.01	289195	2	4	2016	39324838.01	201604
2016/1/20	48671177.9	29808979.56	167697	3	4	2016	29808979.56	201604
2016/1/21	51111277	31521301.55	175886	4	4	2016	31521301.55	201604
2016/1/22	50751650.8	31172964.31	171948	5	4	2016	31172964.31	201604
2016/1/23	79204583	48286816.62	262334	6	4	2016	48286816.62	201604
2016/1/24	96506630.6	58823673.02	317864	7	4	2016	58823673.02	201604
2016/1/25	88977050	49549373.72	305067	1	5	2016	49549373.72	201605
2016/1/26	252871834.9	104373805.8	879259	2	5	2016	104373805.8	201605
2016/1/27	65329817	42498935.5	232311	3	5	2016	42498935.5	201605
2016/1/28	61722631.8	40862941.59	221827	4	5	2016	40862941.59	201605
2016/1/29	73946946	49172212.34	267634	5	5	2016	49172212.34	201605
2016/1/30	106068056.9	69352989.91	378392	6	5	2016	69352989.91	201605
2016/1/31	110014253	72323680.66	393855	7	5	2016	0	201605
2016/2/1	98835039	65508613.86	354480	1	6	2016	0	201606
2016/2/2	108673232.9	73319072.21	393743	2	6	2016	0	201606
2016/2/3	117046361.9	81022444.36	434184	3	6	2016	0	201606
2016/2/4	119168929	83744771.88	450274	4	6	2016	0	201606
2016/2/5	129573689.9	92791497.58	498253	5	6	2016	0	201606
2016/2/6	119739211.9	87401654.8	470118	6	6	2016	0	201606
2016/2/7	43858986.9	32562920.04	176292	7	6	2016	0	201606
2016/2/8	16880198	11884268.14	69018	1	7	2016	0	201607
2016/2/9	16822903.9	12453135.04	70702	2	7	2016	0	201607
2016/2/10	21079490.9	15828748.2	90076	3	7	2016	0	201607
2016/2/11	23674797	17976332.4	103408	4	7	2016	0	201607
2016/2/12	25108436	19366729.44	111520	5	7	2016	0	201607
2016/2/13	24880489	18716480.24	110292	6	7	2016	0	201607
2016/2/14	28569754	21460339.02	122985	7	7	2016	0	201607
2016/2/15	22341150.9	17322962.86	95792	1	8	2016	17322962.86	201608
2016/2/16	23507904	17564313.48	100152	2	8	2016	17564313.48	201608
2016/2/17	23349983	17661761.3	100584	3	8	2016	17661761.3	201608
2016/2/18	22937817	17397335.76	99711	4	8	2016	17397335.76	201608
2016/2/19	21239829	15775717.1	92206	5	8	2016	15775717.1	201608
2016/2/20	27786783	20383753.69	120877	6	8	2016	20383753.69	201608
2016/2/21	28202331.9	20680771.44	122909	7	8	2016	20680771.44	201608
2016/2/22	22469982	16596876.94	97816	1	9	2016	0	201609
2016/2/23	99211733	42645160.23	367778	2	9	2016	42645160.23	201609
2016/2/24	69261732	29803305.48	263108	3	9	2016	29803305.48	201609
2016/2/25	81460375	29819675.35	295292	4	9	2016	29819675.35	201609
2016/2/26	23296341	16738215.09	101527	5	9	2016	16738215.09	201609
2016/2/27	35529273.8	25501244.55	159460	6	9	2016	25501244.55	201609
2016/2/28	38579422	27707545.55	172062	7	9	2016	27707545.55	201609
2016/2/29	19277530	13633655.77	89169	1	10	2016	13633655.77	201610
2016/3/1	17769908	12831418.35	83303	2	10	2016	12831418.35	201610
2016/3/2	20528210	13873953.62	94041	3	10	2016	13873953.62	201610
2016/3/3	19176426	13976520.14	91426	4	10	2016	13976520.14	201610
2016/3/4	21822305	15966868.08	106046	5	10	2016	15966868.08	201610
2016/3/5	41745903.8	30775518.4	201434	6	10	2016	30775518.4	201610
2016/3/6	43056561.7	31737384.35	210143	7	10	2016	31737384.35	201610
2016/3/7	19059563	13522650.45	95301	1	11	2016	13522650.45	201611
2016/3/8	19053808	13144703.05	95315	2	11	2016	0	201611
2016/3/9	12506108	8800469.55	62741	3	11	2016	8800469.55	201611
2016/3/10	12959502	8999967.43	62634	4	11	2016	8999967.43	201611
2016/3/11	16545219	11624987.4	80491	5	11	2016	11624987.4	201611
2016/3/12	30217046.9	21722330.18	144649	6	11	2016	21722330.18	201611
2016/3/13	31961015.9	23040873.14	153776	7	11	2016	23040873.14	201611
2016/3/14	24310329.8	14894128.26	113707	1	12	2016	14894128.26	201612
2016/3/15	20337487.6	12163230.3	94490	2	12	2016	12163230.3	201612
2016/3/16	18081106	13377723.8	89952	3	12	2016	13377723.8	201612
2016/3/17	17016426.9	12245115.96	86333	4	12	2016	12245115.96	201612
2016/3/18	24530121.8	17122688.22	125841	5	12	2016	17122688.22	201612
2016/3/19	45466646	32326167.88	232633	6	12	2016	32326167.88	201612
2016/3/20	46513587	33161124.74	239681	7	12	2016	33161124.74	201612
2016/3/21	19748619.9	13891936.62	104199	1	13	2016	13891936.62	201613
2016/3/22	17296872.9	12117198.7	91189	2	13	2016	12117198.7	201613
2016/3/23	16329799	11370642.18	85456	3	13	2016	11370642.18	201613
2016/3/24	79586156.9	33154031.37	348390	4	13	2016	33154031.37	201613
2016/3/25	29563530.9	16579314.11	147396	5	13	2016	16579314.11	201613
2016/3/26	37105663.9	25731538.22	190733	6	13	2016	25731538.22	201613
2016/3/27	41235213.4	28999307.42	214934	7	13	2016	28999307.42	201613
2016/3/28	18439422	13207298.92	100104	1	14	2016	13207298.92	201614
2016/3/29	16802409	12157332	92157	2	14	2016	12157332	201614
2016/3/30	17090824.9	12348619.64	95862	3	14	2016	12348619.64	201614
2016/3/31	19262132	14043231.1	110756	4	14	2016	14043231.1	201614
2016/4/1	24560637	17812286.5	143697	5	14	2016	17812286.5	201614
2016/4/2	47013130.7	32842751.64	267354	6	14	2016	0	201614
2016/4/3	53246369.9	37361224.3	301532	7	14	2016	0	201614
2016/4/4	53167540.5	37607425.84	300489	1	15	2016	0	201615
2016/4/5	19782392	14426610.5	120593	2	15	2016	14426610.5	201615
2016/4/6	16406323	11878697.18	101955	3	15	2016	11878697.18	201615
2016/4/7	18332158	13415458.7	114961	4	15	2016	13415458.7	201615
2016/4/8	21102751.6	15413814.8	133895	5	15	2016	15413814.8	201615
2016/4/9	34800310.2	25578518.08	219643	6	15	2016	25578518.08	201615
2016/4/10	39155560.5	28988932.6	246273	7	15	2016	28988932.6	201615
2016/4/11	22939256.5	15259844.66	141032	1	16	2016	15259844.66	201616
2016/4/12	17097777.9	12438353.02	108877	2	16	2016	12438353.02	201616
2016/4/13	17923486.7	13541283.12	120429	3	16	2016	13541283.12	201616
2016/4/14	17662318.7	13423185.94	119482	4	16	2016	13423185.94	201616
2016/4/15	31728665.7	21019183.78	195150	5	16	2016	21019183.78	201616
2016/4/16	31546611.5	24278892.82	208400	6	16	2016	24278892.82	201616
2016/4/17	34833019.5	26832892.16	226530	7	16	2016	26832892.16	201616
2016/4/18	17207359.9	13145742.84	113523	1	17	2016	13145742.84	201617
2016/4/19	15496808	11851171.9	102258	2	17	2016	11851171.9	201617
2016/4/20	15171786.7	11205002.88	98038	3	17	2016	11205002.88	201617
2016/4/21	16310683.4	12966420.16	111362	4	17	2016	12966420.16	201617
2016/4/22	17524764.6	14101267.62	120648	5	17	2016	14101267.62	201617
2016/4/23	26439069.4	20878375.46	177916	6	17	2016	20878375.46	201617
2016/4/24	30784305.2	24682296.48	208829	7	17	2016	24682296.48	201617
2016/4/25	70102743.8	27318193.56	412297	1	18	2016	27318193.56	201618
2016/4/26	14070699.9	11187090	95476	2	18	2016	11187090	201618
2016/4/27	15601937	12501441.88	106865	3	18	2016	12501441.88	201618
2016/4/28	65014556.8	36649021.42	374542	4	18	2016	36649021.42	201618
2016/4/29	48551500	22503964.5	270940	5	18	2016	22503964.5	201618
2016/4/30	52062793.6	42003596.84	382328	6	18	2016	0	201618
2016/5/1	70105338	56624572.74	526822	7	18	2016	0	201618
2016/5/2	40482262.9	32151932.98	300410	1	19	2016	0	201619
2016/5/3	20026046	16105104.5	149117	2	19	2016	16105104.5	201619
2016/5/4	17490673	14449167.84	132887	3	19	2016	14449167.84	201619
2016/5/5	16261215	13513653.15	123892	4	19	2016	13513653.15	201619
2016/5/6	17918540.9	14974616.3	136442	5	19	2016	14974616.3	201619
2016/5/7	27349687.9	22399031.82	204003	6	19	2016	22399031.82	201619
2016/5/8	27742725.8	22854056.82	206354	7	19	2016	0	201619
2016/5/9	17132869	11739846.6	121028	1	20	2016	11739846.6	201620
2016/5/10	26610414.2	18235804.9	192368	2	20	2016	18235804.9	201620
2016/5/11	15455204	12430564.52	116583	3	20	2016	12430564.52	201620
2016/5/12	13611517	11383028.8	101037	4	20	2016	11383028.8	201620
2016/5/13	15366170	13333487.65	113582	5	20	2016	13333487.65	201620
2016/5/14	24887114	19991701.2	182931	6	20	2016	19991701.2	201620
2016/5/15	27117040	22083532.32	199534	7	20	2016	22083532.32	201620
2016/5/16	16701893	13165263.74	123720	1	21	2016	13165263.74	201621
2016/5/17	15613424.5	12653936.03	116197	2	21	2016	12653936.03	201621
2016/5/18	15715718	12404940.37	117626	3	21	2016	12404940.37	201621
2016/5/19	15605483.8	12281189.42	117563	4	21	2016	12281189.42	201621
2016/5/20	17960800	14155984.76	131692	5	21	2016	14155984.76	201621
2016/5/21	26646397	21579083.88	197111	6	21	2016	21579083.88	201621
2016/5/22	29438063	23770630.82	217772	7	21	2016	23770630.82	201621
2016/5/23	24805511.1	13622484.81	175056	1	22	2016	13622484.81	201622
2016/5/24	13504056	10870445.9	100019	2	22	2016	10870445.9	201622
2016/5/25	98451809	37182651.4	733380	3	22	2016	37182651.4	201622
2016/5/26	14808823	11552310.74	107618	4	22	2016	11552310.74	201622
2016/5/27	15714872	12484281.66	114845	5	22	2016	12484281.66	201622
2016/5/28	26152741.8	21061860.56	192402	6	22	2016	21061860.56	201622
2016/5/29	28518860	23265746.72	211905	7	22	2016	23265746.72	201622
2016/5/30	83697940	45472014.25	612293	1	23	2016	45472014.25	201623
2016/5/31	46768904	14262936.29	225302	2	23	2016	14262936.29	201623
2016/6/1	16533673.7	13442581.2	121474	3	23	2016	0	201623
2016/6/2	14796038.9	11716962.84	105343	4	23	2016	11716962.84	201623
2016/6/3	15185987.9	12051820.66	110792	5	23	2016	12051820.66	201623
2016/6/4	25452749	20330134.02	189828	6	23	2016	20330134.02	201623
2016/6/5	28183712.4	22663475.94	210471	7	23	2016	22663475.94	201623
2016/6/6	18456766	14815564.16	139365	1	24	2016	14815564.16	201624
2016/6/7	18324530	14426546.62	131469	2	24	2016	14426546.62	201624
2016/6/8	21947949	17139327.64	157662	3	24	2016	17139327.64	201624
2016/6/9	43323051	32978880.31	320940	4	24	2016	0	201624
2016/6/10	35460961.9	26925323.15	266166	5	24	2016	0	201624
2016/6/11	28375661	21428721.89	214154	6	24	2016	0	201624
2016/6/12	18393769	14097029.87	137381	7	24	2016	14097029.87	201624
2016/6/13	20486003.9	14299281.29	153225	1	25	2016	14299281.29	201625
2016/6/14	15757446.9	12311711	116791	2	25	2016	12311711	201625
2016/6/15	18766898.6	13345100.8	141361	3	25	2016	13345100.8	201625
2016/6/16	18955395.4	14229988.34	137401	4	25	2016	14229988.34	201625
2016/6/17	19111418.5	14307407.2	143004	5	25	2016	14307407.2	201625
2016/6/18	26611096	20265165.08	196958	6	25	2016	20265165.08	201625
2016/6/19	29422430	22437694.51	216129	7	25	2016	0	201625
2016/6/20	26892066	18390888.2	198026	1	26	2016	18390888.2	201626
2016/6/21	16648084	12876731.48	124494	2	26	2016	12876731.48	201626
2016/6/22	16645625	12674432.9	123746	3	26	2016	12674432.9	201626
2016/6/23	18554358	12495629.7	133063	4	26	2016	12495629.7	201626
2016/6/24	18608005.5	13512771.24	137728	5	26	2016	13512771.24	201626
2016/6/25	25229669	18208272.6	184969	6	26	2016	18208272.6	201626
2016/6/26	27639715	20113718.35	203734	7	26	2016	20113718.35	201626
2016/6/27	17232294.9	12351140.13	127079	1	27	2016	12351140.13	201627
2016/6/28	85956682.6	34408489.88	654571	2	27	2016	34408489.88	201627
2016/6/29	91838347.2	50685821.77	700335	3	27	2016	50685821.77	201627
2016/6/30	20347255.9	14749735.87	148030	4	27	2016	14749735.87	201627
2016/7/1	19911461.9	14368029.48	149085	5	27	2016	0	201627
2016/7/2	25102468.9	17812060.22	188215	6	27	2016	17812060.22	201627
2016/7/3	27881218.9	20018722.58	208833	7	27	2016	20018722.58	201627
2016/7/4	19313235.9	13814733.54	144687	1	28	2016	13814733.54	201628
2016/7/5	19096367	13822637.73	142714	2	28	2016	13822637.73	201628
2016/7/6	18516804	13258345.64	139735	3	28	2016	13258345.64	201628
2016/7/7	20069562	14346700.9	150408	4	28	2016	14346700.9	201628
2016/7/8	20204696.9	14302124.12	151731	5	28	2016	14302124.12	201628
2016/7/9	27370536	18622598.76	204224	6	28	2016	18622598.76	201628
2016/7/10	30488334	21007647.82	228366	7	28	2016	21007647.82	201628
2016/7/11	20932539	14380068.56	156982	1	29	2016	14380068.56	201629
2016/7/12	19901589	13731094.56	149681	2	29	2016	13731094.56	201629
2016/7/13	19059803.9	13204895.81	143321	3	29	2016	13204895.81	201629
2016/7/14	38651512.6	21949042.89	287710	4	29	2016	21949042.89	201629
2016/7/15	21331951	14317759.06	158270	5	29	2016	14317759.06	201629
2016/7/16	28776267.6	19134708.07	212748	6	29	2016	19134708.07	201629
2016/7/17	32191011.5	21555340.97	238284	7	29	2016	21555340.97	201629
2016/7/18	19325612	13145807.51	143288	1	30	2016	13145807.51	201630
2016/7/19	18210975	12422231.97	135602	2	30	2016	12422231.97	201630
2016/7/20	18544124.8	12233132.11	135969	3	30	2016	12233132.11	201630
2016/7/21	18967921	12466366.44	139769	4	30	2016	12466366.44	201630
2016/7/22	19626246.8	12810681.1	145140	5	30	2016	12810681.1	201630
2016/7/23	28215708.9	17400194.34	208582	6	30	2016	17400194.34	201630
2016/7/24	30554881.8	19075122.84	225171	7	30	2016	19075122.84	201630
2016/7/25	21806445.9	13518219.02	161652	1	31	2016	13518219.02	201631
2016/7/26	21773762.7	13350890.87	161859	2	31	2016	13350890.87	201631
2016/7/27	21562582	13414643.3	161082	3	31	2016	13414643.3	201631
2016/7/28	21524975	13313643.53	160751	4	31	2016	13313643.53	201631
2016/7/29	185253070	83868291.29	1347044	5	31	2016	83868291.29	201631
2016/7/30	28200431	17459194.26	207826	6	31	2016	17459194.26	201631
2016/7/31	33307404.6	20578740.99	244568	7	31	2016	20578740.99	201631
2016/8/1	20472243.9	13149079.71	152556	1	32	2016	0	201632
2016/8/2	19673486	12572102.44	145822	2	32	2016	12572102.44	201632
2016/8/3	19926910.9	12636216.92	147802	3	32	2016	12636216.92	201632
2016/8/4	20472858	13070721.31	151256	4	32	2016	13070721.31	201632
2016/8/5	21587876.9	13622271.46	158370	5	32	2016	13622271.46	201632
2016/8/6	27931116	17112895.63	202262	6	32	2016	17112895.63	201632
2016/8/7	32015343	19750297.72	231405	7	32	2016	19750297.72	201632
2016/8/8	23018112	14375682.57	167047	1	33	2016	14375682.57	201633
2016/8/9	25833794.8	16235156.51	187076	2	33	2016	0	201633
2016/8/10	23502194	14539601.91	173146	3	33	2016	14539601.91	201633
2016/8/11	35665835	20579481.06	260080	4	33	2016	20579481.06	201633
2016/8/12	20944981	13376337.61	151381	5	33	2016	13376337.61	201633
2016/8/13	26425181	16650116.55	191070	6	33	2016	16650116.55	201633
2016/8/14	29758937	18943866.85	214322	7	33	2016	18943866.85	201633
2016/8/15	21777285	14094604.01	155847	1	34	2016	14094604.01	201634
2016/8/16	22128428.9	14448342.19	157054	2	34	2016	14448342.19	201634
2016/8/17	23031636	14838560.28	163379	3	34	2016	14838560.28	201634
2016/8/18	22408464	14496783.1	158322	4	34	2016	14496783.1	201634
2016/8/19	24025089	15564826.84	169425	5	34	2016	15564826.84	201634
2016/8/20	35318125	21650178.23	246818	6	34	2016	21650178.23	201634
2016/8/21	34882963	22961392.82	244335	7	34	2016	22961392.82	201634
2016/8/22	24953103	16458228.15	175364	1	35	2016	16458228.15	201635
2016/8/23	25416865.9	16739206.12	176272	2	35	2016	16739206.12	201635
2016/8/24	102043704	49228660.81	731865	3	35	2016	49228660.81	201635
2016/8/25	84136069	37583680.01	612954	4	35	2016	37583680.01	201635
2016/8/26	30370202.9	21493643.76	199006	5	35	2016	21493643.76	201635
2016/8/27	37883883	27088524.15	248030	6	35	2016	27088524.15	201635
2016/8/28	38423510	27434695.05	253035	7	35	2016	27434695.05	201635
2016/8/29	27900637	20613038.66	176227	1	36	2016	20613038.66	201636
2016/8/30	27733796	21087865.79	174506	2	36	2016	21087865.79	201636
2016/8/31	26151581	19011543.31	171764	3	36	2016	19011543.31	201636
2016/9/1	24053887.8	18595567.32	148486	4	36	2016	18595567.32	201636
2016/9/2	21516176	16122850.6	138995	5	36	2016	16122850.6	201636
2016/9/3	30906785.6	23118027.5	197690	6	36	2016	23118027.5	201636
2016/9/4	32197526	24058338.47	206526	7	36	2016	24058338.47	201636
2016/9/5	17490309.4	13129319.84	112890	1	37	2016	13129319.84	201637
2016/9/6	21663685.9	17683205.9	127327	2	37	2016	17683205.9	201637
2016/9/7	16824660.4	13016014.04	106238	3	37	2016	13016014.04	201637
2016/9/8	16261935.8	12247658.18	104158	4	37	2016	12247658.18	201637
2016/9/9	17038053	13080389.58	108606	5	37	2016	13080389.58	201637
2016/9/10	31113862.7	24911780.34	175790	6	37	2016	0	201637
2016/9/11	28330446.9	21936458.92	173876	7	37	2016	21936458.92	201637
2016/9/12	28250483.7	17487283.14	184213	1	38	2016	17487283.14	201638
2016/9/13	15859680.4	12292313.2	97554	2	38	2016	12292313.2	201638
2016/9/14	19848727.9	15174399.52	119972	3	38	2016	15174399.52	201638
2016/9/15	45049213.1	34000811.5	260757	4	38	2016	0	201638
2016/9/16	41314410.8	31112602.17	240648	5	38	2016	0	201638
2016/9/17	32425117.8	24358243.41	188851	6	38	2016	0	201638
2016/9/18	20971981.5	15253723.62	122337	7	38	2016	15253723.62	201638
2016/9/19	16769116	12919233.74	98132	1	39	2016	12919233.74	201639
2016/9/20	16611716.7	12951185.77	96519	2	39	2016	12951185.77	201639
2016/9/21	18244690.1	13352734.28	110832	3	39	2016	13352734.28	201639
2016/9/22	15711286.7	12057264.02	90633	4	39	2016	12057264.02	201639
2016/9/23	17051857.7	13299122.28	97814	5	39	2016	13299122.28	201639
2016/9/24	29763993.4	23661386.95	167445	6	39	2016	23661386.95	201639
2016/9/25	31620690	24709200.73	178859	7	39	2016	24709200.73	201639
2016/9/26	80253328	39619677.18	516836	1	40	2016	39619677.18	201640
2016/9/27	50247409	25440578.2	304336	2	40	2016	25440578.2	201640
2016/9/28	26765575	17602621.86	153910	3	40	2016	17602621.86	201640
2016/9/29	22037606.9	17069897.62	116279	4	40	2016	17069897.62	201640
2016/9/30	34469133	25786898.9	184135	5	40	2016	25786898.9	201640
2016/10/1	83846793	61725624.43	445393	6	40	2016	0	201640
2016/10/2	69205219.9	50921997.28	369078	7	40	2016	0	201640
2016/10/3	59063438.8	43736044.78	314088	1	41	2016	0	201641
2016/10/4	48855748	36621914.18	256294	2	41	2016	0	201641
2016/10/5	45377611.5	34166899.46	235761	3	41	2016	0	201641
2016/10/6	48733440.7	38333850.13	234678	4	41	2016	0	201641
2016/10/7	38127168	28900003.65	191876	5	41	2016	0	201641
2016/10/8	22303146.9	17622754.02	115203	6	41	2016	17622754.02	201641
2016/10/9	26271860.9	20912335.64	134035	7	41	2016	0	201641
2016/10/10	21599793	17253819.9	110236	1	42	2016	17253819.9	201642
2016/10/11	43398716.9	25573312.63	222014	2	42	2016	25573312.63	201642
2016/10/12	21151551	16918893.04	108044	3	42	2016	16918893.04	201642
2016/10/13	20313026	16162097.88	103419	4	42	2016	16162097.88	201642
2016/10/14	22676240	17946595.44	114206	5	42	2016	17946595.44	201642
2016/10/15	39835055.6	32118866.88	197792	6	42	2016	32118866.88	201642
2016/10/16	42699037.9	34467731.01	214888	7	42	2016	34467731.01	201642
2016/10/17	18576692	14882310.33	94832	1	43	2016	14882310.33	201643
2016/10/18	17742361	13228252.19	88464	2	43	2016	13228252.19	201643
2016/10/19	16742672	13012305.35	84196	3	43	2016	13012305.35	201643
2016/10/20	17320873.9	12957556	88482	4	43	2016	12957556	201643
2016/10/21	18174567	14528550.82	90209	5	43	2016	14528550.82	201643
2016/10/22	34392550.8	27736030.78	164646	6	43	2016	27736030.78	201643
2016/10/23	42620424.9	33901448.25	203032	7	43	2016	33901448.25	201643
2016/10/24	19405317	15368269.8	92754	1	44	2016	15368269.8	201644
2016/10/25	17322867	15347190.68	84153	2	44	2016	15347190.68	201644
2016/10/26	19469625	14462881.6	100609	3	44	2016	14462881.6	201644
2016/10/27	16977033.9	13733069.36	79854	4	44	2016	13733069.36	201644
2016/10/28	89448056.9	42845100.19	429332	5	44	2016	42845100.19	201644
2016/10/29	149294143.7	79825974.97	729613	6	44	2016	79825974.97	201644
2016/10/30	54921840.8	44426038.37	243538	7	44	2016	44426038.37	201644
2016/10/31	27455779.3	21335574.67	123519	1	45	2016	21335574.67	201645
2016/11/1	28286663	22449772.6	123967	2	45	2016	22449772.6	201645
2016/11/2	23705308.1	19603981.47	105808	3	45	2016	19603981.47	201645
2016/11/3	20816411	18165042.75	91405	4	45	2016	18165042.75	201645
2016/11/4	23482050	19489173.1	105266	5	45	2016	19489173.1	201645
2016/11/5	40674583	33941066.2	176564	6	45	2016	33941066.2	201645
2016/11/6	81768409.9	53860717.45	345774	7	45	2016	53860717.45	201645
2016/11/7	23387202	17334049.9	98419	1	46	2016	17334049.9	201646
2016/11/8	41107588.3	25127032.08	179535	2	46	2016	25127032.08	201646
2016/11/9	22723771	18636493.03	94942	3	46	2016	18636493.03	201646
2016/11/10	23804510	19646206.6	99702	4	46	2016	19646206.6	201646
2016/11/11	49119786	35591044.58	191312	5	46	2016	0	201646
2016/11/12	51144419.1	39607035.58	205397	6	46	2016	39607035.58	201646
2016/11/13	46016917.9	36647997.6	191468	7	46	2016	36647997.6	201646
2016/11/14	17795012	14303663.94	76303	1	47	2016	14303663.94	201647
2016/11/15	17496061.6	14157959.2	74952	2	47	2016	14157959.2	201647
2016/11/16	19424949	14840253.2	80363	3	47	2016	14840253.2	201647
2016/11/17	16356729.8	13382515.28	68879	4	47	2016	13382515.28	201647
2016/11/18	21331077	16103225.9	88193	5	47	2016	16103225.9	201647
2016/11/19	35237898	28766060.68	142994	6	47	2016	28766060.68	201647
2016/11/20	37896010	30942054.36	152297	7	47	2016	30942054.36	201647
2016/11/21	18754256	15094127.68	74672	1	48	2016	15094127.68	201648
2016/11/22	19832406	16503020.32	74861	2	48	2016	16503020.32	201648
2016/11/23	23474630.6	19025483.4	86854	3	48	2016	19025483.4	201648
2016/11/24	27401795.6	21249668.74	100800	4	48	2016	0	201648
2016/11/25	54709211	25641567.6	215828	5	48	2016	25641567.6	201648
2016/11/26	71412296	50173516.4	258208	6	48	2016	50173516.4	201648
2016/11/27	93054004.9	62335093.4	338636	7	48	2016	62335093.4	201648
2016/11/28	122026504	48093434.35	486102	1	49	2016	48093434.35	201649
2016/11/29	128319911.6	60598249.35	562489	2	49	2016	60598249.35	201649
2016/11/30	41063713	16983782.28	178039	3	49	2016	16983782.28	201649
2016/12/1	19375741	16035649.92	75530	4	49	2016	16035649.92	201649
2016/12/2	24045184.9	18130610.34	90767	5	49	2016	18130610.34	201649
2016/12/3	41259362	32333912.92	153942	6	49	2016	32333912.92	201649
2016/12/4	41527072.6	32585769.36	158859	7	49	2016	32585769.36	201649
2016/12/5	19532353	14360559.28	76584	1	50	2016	14360559.28	201650
2016/12/6	16957940.7	13317532.84	66824	2	50	2016	13317532.84	201650
2016/12/7	17297354.8	13024886	67732	3	50	2016	13024886	201650
2016/12/8	18597099	13926018.2	73900	4	50	2016	13926018.2	201650
2016/12/9	64130328.9	29126965.51	254694	5	50	2016	29126965.51	201650
2016/12/10	45212846.9	31925877.1	166980	6	50	2016	31925877.1	201650
2016/12/11	48099889.1	35236402.74	177980	7	50	2016	35236402.74	201650
2016/12/12	19822824.6	15163596.94	76249	1	51	2016	15163596.94	201651
2016/12/13	16836790	12722475.06	64361	2	51	2016	12722475.06	201651
2016/12/14	18070524.3	13885415.74	69210	3	51	2016	13885415.74	201651
2016/12/15	19292109.9	14831343.8	72965	4	51	2016	14831343.8	201651
2016/12/16	25317568.2	18538458.89	93977	5	51	2016	18538458.89	201651
2016/12/17	64320511.6	43346680.48	224856	6	51	2016	43346680.48	201651
2016/12/18	72604399	48481078.82	255094	7	51	2016	48481078.82	201651
2016/12/19	22256724	14693493.28	85180	1	52	2016	14693493.28	201652
2016/12/20	18049937.5	13381858.15	70988	2	52	2016	13381858.15	201652
2016/12/21	17438757	13132079.28	69864	3	52	2016	13132079.28	201652
2016/12/22	19506690.2	14584978.7	77544	4	52	2016	14584978.7	201652
2016/12/23	28817454.7	18001659.75	107261	5	52	2016	18001659.75	201652
2016/12/24	68432272.1	45117735.86	246643	6	52	2016	45117735.86	201652
2016/12/25	69570840.2	45125112	254226	7	52	2016	0	201652
2016/12/26	24227981.9	16958761.24	94583	1	53	2016	16958761.24	201653
2016/12/27	42747745	35335963.28	132091	2	53	2016	35335963.28	201653
2016/12/28	25882536	17848902.95	97950	3	53	2016	17848902.95	201653
2016/12/29	440623011	165120515.6	1523553	4	53	2016	165120515.6	201653
2016/12/30	38589715.9	26693516.9	145554	5	53	2016	26693516.9	201653
2016/12/31	98124581.6	62668206.63	353802	6	53	2016	62668206.63	201653
2017/1/1	144850190.9	94023312.26	520053	7	1	2017	0	201701
2017/1/2	82799145	52750309.81	302608	1	2	2017	0	201702
2017/1/3	27027660.9	18717058.1	104851	2	2	2017	18717058.1	201702
2017/1/4	23826285	16608633.48	94586	3	2	2017	16608633.48	201702
2017/1/5	24782252.9	16118972.9	96992	4	2	2017	16118972.9	201702
2017/1/6	48558697.7	25870693.94	182546	5	2	2017	25870693.94	201702
2017/1/7	40874960.9	28426771.6	161911	6	2	2017	28426771.6	201702
2017/1/8	53416182.3	36958170.21	207186	7	2	2017	36958170.21	201702
2017/1/9	30580166.9	21545733.19	120836	1	3	2017	21545733.19	201703
2017/1/10	31514531.8	22249632.18	123064	2	3	2017	22249632.18	201703
2017/1/11	35067107	24763479.03	136520	3	3	2017	24763479.03	201703
2017/1/12	39500052.9	27961433.63	152903	4	3	2017	27961433.63	201703
2017/1/13	80419093.6	39511706.13	290670	5	3	2017	39511706.13	201703
2017/1/14	78371570.7	52701777.47	294201	6	3	2017	52701777.47	201703
2017/1/15	96034111.6	64540227.35	358667	7	3	2017	64540227.35	201703
2017/1/16	65575811.9	46034581.72	249590	1	4	2017	46034581.72	201704
2017/1/17	67102252	47351815.37	256991	2	4	2017	47351815.37	201704
2017/1/18	68999917	48547708.37	266913	3	4	2017	48547708.37	201704
2017/1/19	81452906.7	56445927.88	313748	4	4	2017	56445927.88	201704
2017/1/20	90969491.8	64591213.68	352477	5	4	2017	0	201704
2017/1/21	112849443.7	80864358.45	443127	6	4	2017	0	201704
2017/1/22	110722811.8	80110043.6	438180	7	4	2017	0	201704
2017/1/23	101400956.7	75197087.08	413540	1	5	2017	0	201705
2017/1/24	106582353.7	80066891.55	440230	2	5	2017	0	201705
2017/1/25	110543682.7	84112961.87	465006	3	5	2017	0	201705
2017/1/26	101160872.2	77987628.31	435916	4	5	2017	0	201705
2017/1/27	36294083.8	27871571.81	156522	5	5	2017	0	201705
2017/1/28	15002466	10944732.11	66384	6	5	2017	0	201705
2017/1/29	14600604	10968016.63	65481	7	5	2017	0	201705
2017/1/30	18190179	13598978.6	81345	1	6	2017	0	201706
2017/1/31	21094887	15541228.93	93537	2	6	2017	0	201706
2017/2/1	21649868	16122520.54	96922	3	6	2017	0	201706
2017/2/2	23838425	17845363.18	107002	4	6	2017	0	201706
2017/2/3	24696426	18148254.72	111296	5	6	2017	18148254.72	201706
2017/2/4	21254164	16080341.44	98220	6	6	2017	16080341.44	201706
2017/2/5	23811854	17919941.4	111641	7	6	2017	17919941.4	201706
2017/2/6	18567110.8	13455246.34	86829	1	7	2017	13455246.34	201707
2017/2/7	355610303.9	133544272.4	1214469	2	7	2017	133544272.4	201707
2017/2/8	16296596	11773964.85	73783	3	7	2017	11773964.85	201707
2017/2/9	18365595	13315159.61	81922	4	7	2017	13315159.61	201707
2017/2/10	18582035.1	13676236.64	85363	5	7	2017	13676236.64	201707
2017/2/11	26741748.5	19275025.06	122477	6	7	2017	0	201707
2017/2/12	25681137.9	19420073.31	122111	7	7	2017	19420073.31	201707
2017/2/13	17363890.1	13546504.34	85627	1	8	2017	13546504.34	201708
2017/2/14	20144959.1	15662002.75	99122	2	8	2017	0	201708
2017/2/15	17291867	13235351.06	86335	3	8	2017	13235351.06	201708
2017/2/16	17897482.9	13880723.08	90546	4	8	2017	13880723.08	201708
2017/2/17	17481879	13604105.04	89848	5	8	2017	13604105.04	201708
2017/2/18	26878841	21037090.7	137864	6	8	2017	21037090.7	201708
2017/2/19	29066803	22674343.74	151862	7	8	2017	22674343.74	201708
2017/2/20	13058117	10112980.46	69798	1	9	2017	10112980.46	201709
2017/2/21	12034747	9047825.26	63594	2	9	2017	9047825.26	201709
2017/2/22	12690034.9	9327848.82	65988	3	9	2017	9327848.82	201709
2017/2/23	14429108.8	10534245.9	71073	4	9	2017	10534245.9	201709
2017/2/24	40443474	20774002.43	165281	5	9	2017	20774002.43	201709
2017/2/25	27720946.8	20362729.24	136456	6	9	2017	20362729.24	201709
2017/2/26	30605540	22725680.27	151776	7	9	2017	22725680.27	201709
2017/2/27	86781797	36821396.42	326212	1	10	2017	36821396.42	201710
2017/2/28	40951134	18145220.28	173835	2	10	2017	18145220.28	201710
2017/3/1	13604784	10302284.63	71654	3	10	2017	10302284.63	201710
2017/3/2	13817679	10532612.93	72529	4	10	2017	10532612.93	201710
2017/3/3	16901572	12527686.19	88440	5	10	2017	12527686.19	201710
2017/3/4	30708604.9	22907999.84	159811	6	10	2017	22907999.84	201710
2017/3/5	30489889	22465819.52	159968	7	10	2017	22465819.52	201710
2017/3/6	14402370	10541662.62	76127	1	11	2017	10541662.62	201711
2017/3/7	14381284.5	10590741.08	75167	2	11	2017	10590741.08	201711
2017/3/8	20405492.9	14436218.15	108705	3	11	2017	0	201711
2017/3/9	13626633.4	10196413.57	72881	4	11	2017	10196413.57	201711
2017/3/10	16717020.9	12473248.39	90156	5	11	2017	12473248.39	201711
2017/3/11	32732946	24703780.38	174708	6	11	2017	24703780.38	201711
2017/3/12	27704122.6	20661856.35	150486	7	11	2017	20661856.35	201711
2017/3/13	11875671	8710278.18	67973	1	12	2017	8710278.18	201712
2017/3/14	13434201	10056041.88	74459	2	12	2017	10056041.88	201712
2017/3/15	13295887.9	9975117.56	74294	3	12	2017	9975117.56	201712
2017/3/16	14473731	10796041.34	80556	4	12	2017	10796041.34	201712
2017/3/17	17320668	12588546.48	95866	5	12	2017	12588546.48	201712
2017/3/18	30365672	22797850.34	167797	6	12	2017	22797850.34	201712
2017/3/19	29724757	22383258.68	165285	7	12	2017	22383258.68	201712
2017/3/20	42894479.6	11131003.58	225796	1	13	2017	11131003.58	201713
2017/3/21	13923807	10477391.7	80982	2	13	2017	10477391.7	201713
2017/3/22	11503689	8649712.54	67229	3	13	2017	8649712.54	201713
2017/3/23	12297713	9181350.9	72918	4	13	2017	9181350.9	201713
2017/3/24	14625953	10726819.28	87347	5	13	2017	10726819.28	201713
2017/3/25	28605823	21003215.72	161437	6	13	2017	21003215.72	201713
2017/3/26	31935306.9	23992699.68	184256	7	13	2017	23992699.68	201713
2017/3/27	15847351	11790848.28	95597	1	14	2017	11790848.28	201714
2017/3/28	14313439	10782289.2	87331	2	14	2017	10782289.2	201714
2017/3/29	14797103	11133592.84	91835	3	14	2017	11133592.84	201714
2017/3/30	13352270	9948790.94	84767	4	14	2017	9948790.94	201714
2017/3/31	17117642	12267846.66	104242	5	14	2017	12267846.66	201714
2017/4/1	26207471	19422001.1	164095	6	14	2017	19422001.1	201714
2017/4/2	49379464.5	36916722.14	308597	7	14	2017	0	201714
2017/4/3	52855686.9	40124183.16	337074	1	15	2017	0	201715
2017/4/4	44122168	33476216.9	283562	2	15	2017	0	201715
2017/4/5	17713588	13740851.96	121683	3	15	2017	13740851.96	201715
2017/4/6	15771602.8	12413725.12	112165	4	15	2017	12413725.12	201715
2017/4/7	17781957	14070301.24	127101	5	15	2017	14070301.24	201715
2017/4/8	28420784	22445514.84	202161	6	15	2017	22445514.84	201715
2017/4/9	29028221.9	22921515.52	205898	7	15	2017	22921515.52	201715
2017/4/10	14227343	11296739.96	104219	1	16	2017	11296739.96	201716
2017/4/11	14750578	11671938.68	103678	2	16	2017	11671938.68	201716
2017/4/12	14833204	11836948.78	105946	3	16	2017	11836948.78	201716
2017/4/13	15538544	12564645.44	113777	4	16	2017	12564645.44	201716
2017/4/14	20527626	16486132.7	154910	5	16	2017	16486132.7	201716
2017/4/15	36123599	29656705.5	279044	6	16	2017	29656705.5	201716
2017/4/16	36330273.6	29840812.44	279895	7	16	2017	29840812.44	201716
2017/4/17	17883829	15000930.62	141682	1	17	2017	15000930.62	201717
2017/4/18	18332545	15482212.34	148107	2	17	2017	15482212.34	201717
2017/4/19	15905760	13069779.88	124902	3	17	2017	13069779.88	201717
2017/4/20	15872049	13316135.84	126312	4	17	2017	13316135.84	201717
2017/4/21	17120950	14164520.32	132263	5	17	2017	14164520.32	201717
2017/4/22	30463614	25069258.08	236092	6	17	2017	25069258.08	201717
2017/4/23	32978871	27087629.9	256581	7	17	2017	27087629.9	201717
2017/4/24	14684480	12286996.86	116549	1	18	2017	12286996.86	201718
2017/4/25	12238728	10053573.48	95088	2	18	2017	10053573.48	201718
2017/4/26	12892265	10664013.28	98738	3	18	2017	10664013.28	201718
2017/4/27	14876098.8	12345623.18	115381	4	18	2017	12345623.18	201718
2017/4/28	22037622	17386710.46	172500	5	18	2017	17386710.46	201718
2017/4/29	50649613	40129266.46	407956	6	18	2017	0	201718
2017/4/30	60638489.9	48808242.68	492167	7	18	2017	0	201718
2017/5/1	58030035	46549384.94	475726	1	19	2017	0	201719
2017/5/2	19796650	16543714.46	163364	2	19	2017	16543714.46	201719
2017/5/3	15246882	12743666.26	125171	3	19	2017	12743666.26	201719
2017/5/4	14354746	11852174.34	117726	4	19	2017	11852174.34	201719
2017/5/5	15034735	12573195.34	123859	5	19	2017	12573195.34	201719
2017/5/6	26604633	21720664.6	217595	6	19	2017	21720664.6	201719
2017/5/7	27635961	22693202.46	225699	7	19	2017	22693202.46	201719
2017/5/8	13008144	10960064.78	106871	1	20	2017	10960064.78	201720
2017/5/9	13991559	11867627.56	116931	2	20	2017	11867627.56	201720
2017/5/10	14758045	12653443.98	125127	3	20	2017	12653443.98	201720
2017/5/11	14414880	12447459.6	121612	4	20	2017	12447459.6	201720
2017/5/12	16663550	14300203.32	139269	5	20	2017	14300203.32	201720
2017/5/13	28178610.8	24510143.84	236173	6	20	2017	24510143.84	201720
2017/5/14	29536083.9	25403245.62	245998	7	20	2017	0	201720
2017/5/15	13702395	11701394.3	112876	1	21	2017	11701394.3	201721
2017/5/16	14614215.9	12574748.76	121843	2	21	2017	12574748.76	201721
2017/5/17	14328961	12427583.7	120383	3	21	2017	12427583.7	201721
2017/5/18	14509934	12573983.62	121883	4	21	2017	12573983.62	201721
2017/5/19	16933502	14715957.24	141356	5	21	2017	14715957.24	201721
2017/5/20	28661196	25197053.82	240816	6	21	2017	25197053.82	201721
2017/5/21	29188216	25422096.21	242711	7	21	2017	25422096.21	201721
2017/5/22	48737994	13041037.16	234712	1	22	2017	13041037.16	201722
2017/5/23	12384059	10535403.56	102446	2	22	2017	10535403.56	201722
2017/5/24	12807770	10931277.28	106349	3	22	2017	10931277.28	201722
2017/5/25	13814947	11678279.82	113535	4	22	2017	11678279.82	201722
2017/5/26	13857401	12028689.44	115404	5	22	2017	12028689.44	201722
2017/5/27	17872208.6	15259700.64	148718	6	22	2017	15259700.64	201722
2017/5/28	34921015.7	28759265.96	288959	7	22	2017	0	201722
2017/5/29	37581412	31037134.94	311100	1	23	2017	0	201723
2017/5/30	37230858	30652088.68	308400	2	23	2017	0	201723
2017/5/31	16663097.6	14003872.94	134440	3	23	2017	14003872.94	201723
2017/6/1	14827663.6	12522770.7	123646	4	23	2017	0	201723
2017/6/2	13956788	11771753.54	115951	5	23	2017	11771753.54	201723
2017/6/3	19747365.9	16540588.48	163201	6	23	2017	16540588.48	201723
2017/6/4	20744833	17570781.88	171032	7	23	2017	17570781.88	201723
2017/6/5	11692642	9962490.06	96276	1	24	2017	9962490.06	201724
2017/6/6	13771694	11664748.4	113800	2	24	2017	11664748.4	201724
2017/6/7	13081508.9	11118373.18	108943	3	24	2017	11118373.18	201724
2017/6/8	13048161.6	10974633.98	108331	4	24	2017	10974633.98	201724
2017/6/9	14500100	12103249.56	120429	5	24	2017	12103249.56	201724
2017/6/10	20636171	17112784.1	170076	6	24	2017	17112784.1	201724
2017/6/11	23326518.7	19501990.1	192120	7	24	2017	19501990.1	201724
2017/6/12	12826356	10759835.72	106494	1	25	2017	10759835.72	201725
2017/6/13	11887398	9898082.48	98645	2	25	2017	9898082.48	201725
2017/6/14	12502428	10476760.04	104006	3	25	2017	10476760.04	201725
2017/6/15	13703594.9	11191586.7	113845	4	25	2017	11191586.7	201725
2017/6/16	15519574.8	12334819.26	127887	5	25	2017	12334819.26	201725
2017/6/17	24310849	19081866.18	199366	6	25	2017	19081866.18	201725
2017/6/18	26502334	20994192.56	217646	7	25	2017	0	201725
2017/6/19	13302980	10727975.42	110168	1	26	2017	10727975.42	201726
2017/6/20	13159317	10725054.48	108987	2	26	2017	10725054.48	201726
2017/6/21	13077616	10622154.78	107355	3	26	2017	10622154.78	201726
2017/6/22	13692909	10996314.1	112221	4	26	2017	10996314.1	201726
2017/6/23	15225877	11922993.37	125087	5	26	2017	11922993.37	201726
2017/6/24	23050127	17701483.36	185654	6	26	2017	17701483.36	201726
2017/6/25	25304116	19388162.59	204748	7	26	2017	19388162.59	201726
2017/6/26	15141521	11844238.47	123200	1	27	2017	11844238.47	201727
2017/6/27	16979023	13019028.18	134381	2	27	2017	13019028.18	201727
2017/6/28	17294342	12633004.03	136060	3	27	2017	12633004.03	201727
2017/6/29	15397695	12231301.02	125449	4	27	2017	12231301.02	201727
2017/6/30	20422759.9	15365598.53	160162	5	27	2017	15365598.53	201727
2017/7/1	24774942	18875861.91	201278	6	27	2017	18875861.91	201727
2017/7/2	26680345.9	20496207.52	217148	7	27	2017	20496207.52	201727
2017/7/3	17065339	13270819.77	139101	1	28	2017	13270819.77	201728
2017/7/4	16428990	12950691.1	135165	2	28	2017	12950691.1	201728
2017/7/5	16038456	12579685.59	132468	3	28	2017	12579685.59	201728
2017/7/6	16598258	12592154.28	135856	4	28	2017	12592154.28	201728
2017/7/7	18365813.9	13910138.4	151435	5	28	2017	13910138.4	201728
2017/7/8	25552736	18903850.1	208025	6	28	2017	18903850.1	201728
2017/7/9	28671918.9	21199708.56	232838	7	28	2017	21199708.56	201728
2017/7/10	17648823	13312640.68	145225	1	29	2017	13312640.68	201729
2017/7/11	17010960.8	12944078.12	140403	2	29	2017	12944078.12	201729
2017/7/12	16860640	12798735.9	138712	3	29	2017	12798735.9	201729
2017/7/13	16846527	12729299.02	138355	4	29	2017	12729299.02	201729
2017/7/14	18473108	13657614.91	151672	5	29	2017	13657614.91	201729
2017/7/15	25806376	18424470.78	210862	6	29	2017	18424470.78	201729
2017/7/16	29294402	21019346.07	240180	7	29	2017	21019346.07	201729
2017/7/17	18730667	13418809.3	153720	1	30	2017	13418809.3	201730
2017/7/18	17614663	12745222.42	144809	2	30	2017	12745222.42	201730
2017/7/19	17340789	12564915.08	142618	3	30	2017	12564915.08	201730
2017/7/20	17153664.9	12388353.38	141422	4	30	2017	12388353.38	201730
2017/7/21	17963108	12835099.16	146446	5	30	2017	12835099.16	201730
2017/7/22	23160637	16358716.26	188980	6	30	2017	16358716.26	201730
2017/7/23	26053143	17966080.73	207138	7	30	2017	17966080.73	201730
2017/7/24	17094647	12118805.9	138099	1	31	2017	12118805.9	201731
2017/7/25	16366420	11711689.26	133518	2	31	2017	11711689.26	201731
2017/7/26	16014252	11463133.28	129192	3	31	2017	11463133.28	201731
2017/7/27	16538896	11886260.58	131588	4	31	2017	11886260.58	201731
2017/7/28	17694073	12322027.92	142493	5	31	2017	12322027.92	201731
2017/7/29	24136647	16397240.6	193035	6	31	2017	16397240.6	201731
2017/7/30	26712070	18141575.6	212270	7	31	2017	18141575.6	201731
2017/7/31	18412944	12622788.04	146861	1	32	2017	12622788.04	201732
2017/8/1	18122696	12526236.5	145058	2	32	2017	0	201732
2017/8/2	17399805	12117372.32	139367	3	32	2017	12117372.32	201732
2017/8/3	16418842	11388752.32	131465	4	32	2017	11388752.32	201732
2017/8/4	19177925	12701185.54	153746	5	32	2017	12701185.54	201732
2017/8/5	25752926	16653186.98	205271	6	32	2017	16653186.98	201732
2017/8/6	30256959	19586944.7	239971	7	32	2017	19586944.7	201732
2017/8/7	18538711	12343735.9	145671	1	33	2017	12343735.9	201733
2017/8/8	19072660	12652621.9	146966	2	33	2017	12652621.9	201733
2017/8/9	18737527	12618077.54	145887	3	33	2017	12618077.54	201733
2017/8/10	19365450	13000251.08	149739	4	33	2017	13000251.08	201733
2017/8/11	20429962	13661583.5	156836	5	33	2017	13661583.5	201733
2017/8/12	28083244	18400321.64	213497	6	33	2017	18400321.64	201733
2017/8/13	32320567	21593835	244905	7	33	2017	21593835	201733
2017/8/14	21621667	14683060.6	163887	1	34	2017	14683060.6	201734
2017/8/15	21689553	14799648.36	162768	2	34	2017	14799648.36	201734
2017/8/16	22191270	15447994.02	166038	3	34	2017	15447994.02	201734
2017/8/17	24218619	16148402.6	174791	4	34	2017	16148402.6	201734
2017/8/18	90411580	18514489.54	482748	5	34	2017	18514489.54	201734
2017/8/19	30807032	21151067	225841	6	34	2017	21151067	201734
2017/8/20	35431883	24670373.2	259137	7	34	2017	24670373.2	201734
2017/8/21	24407731	17164560.94	177340	1	35	2017	17164560.94	201735
2017/8/22	22677503	16178332.82	163317	2	35	2017	16178332.82	201735
2017/8/23	22577709	16210423.28	160273	3	35	2017	16210423.28	201735
2017/8/24	103659217	20132856.68	605689	4	35	2017	20132856.68	201735
2017/8/25	26274223	19266204.04	181574	5	35	2017	19266204.04	201735
2017/8/26	37626397	27859624.52	252869	6	35	2017	27859624.52	201735
2017/8/27	38137077	28305591.98	256505	7	35	2017	28305591.98	201735
2017/8/28	32749582	24911219.56	216394	1	36	2017	0	201736
2017/8/29	29664905	23035623.28	191478	2	36	2017	23035623.28	201736
2017/8/30	32867430	26011076.1	209127	3	36	2017	26011076.1	201736
2017/8/31	31211636	24617495.08	199806	4	36	2017	24617495.08	201736
2017/9/1	27812028	21927063.44	177480	5	36	2017	21927063.44	201736
2017/9/2	35774465	28255524.6	226465	6	36	2017	28255524.6	201736
2017/9/3	36297964	28791413.6	229710	7	36	2017	28791413.6	201736
2017/9/4	19902514	15735678.92	126244	1	37	2017	15735678.92	201737
2017/9/5	18983026	14850440.12	122175	2	37	2017	14850440.12	201737
2017/9/6	18562481	14463807.22	119695	3	37	2017	14463807.22	201737
2017/9/7	19278192	14307490.86	122977	4	37	2017	14307490.86	201737
2017/9/8	18648907	14312660.8	121129	5	37	2017	14312660.8	201737
2017/9/9	29437089	22850802.64	185311	6	37	2017	22850802.64	201737
2017/9/10	31648387	24766422.84	197424	7	37	2017	0	201737
2017/9/11	15979916	12271871.7	102714	1	38	2017	12271871.7	201738
2017/9/12	15534955	11827646.34	100248	2	38	2017	11827646.34	201738
2017/9/13	15222538	11683848.54	97461	3	38	2017	11683848.54	201738
2017/9/14	14986431	11571296.9	96012	4	38	2017	11571296.9	201738
2017/9/15	17823874	13555973.74	111057	5	38	2017	13555973.74	201738
2017/9/16	31926089	24636270.08	191455	6	38	2017	24636270.08	201738
2017/9/17	33201561	25710176.86	200785	7	38	2017	25710176.86	201738
2017/9/18	14581525	11152947.14	90810	1	39	2017	11152947.14	201739
2017/9/19	14123088.9	10950218.16	88037	2	39	2017	10950218.16	201739
2017/9/20	14799796	11533844.34	89680	3	39	2017	11533844.34	201739
2017/9/21	15359995	11969026.08	92327	4	39	2017	11969026.08	201739
2017/9/22	17591202	13804650.7	105030	5	39	2017	13804650.7	201739
2017/9/23	30564964	24090197.12	177220	6	39	2017	24090197.12	201739
2017/9/24	32394776	25527178.4	187853	7	39	2017	25527178.4	201739
2017/9/25	15234912	11965068.98	91574	1	40	2017	11965068.98	201740
2017/9/26	16496062	12970504.84	96408	2	40	2017	12970504.84	201740
2017/9/27	17860623	14267426.34	101753	3	40	2017	14267426.34	201740
2017/9/28	20973145	16849804.64	115872	4	40	2017	16849804.64	201740
2017/9/29	23546688	18916142.86	131580	5	40	2017	18916142.86	201740
2017/9/30	34257394	26501362.12	190237	6	40	2017	26501362.12	201740
2017/10/1	75072488	56395641.77	408813	7	40	2017	0	201740
2017/10/2	69938121	52920761.12	372791	1	41	2017	0	201741
2017/10/3	71067292	54181537.74	369840	2	41	2017	0	201741
2017/10/4	73460752	56312261.24	370823	3	41	2017	0	201741
2017/10/5	61936725	47761280.84	312644	4	41	2017	0	201741
2017/10/6	54247494	41774376.36	276651	5	41	2017	0	201741
2017/10/7	46029024	35260649.53	235580	6	41	2017	0	201741
2017/10/8	36796180.9	28087601.2	192495	7	41	2017	0	201741
2017/10/9	17738415	14013428.48	92620	1	42	2017	14013428.48	201742
2017/10/10	18480232	14923419.1	95009	2	42	2017	14923419.1	201742
2017/10/11	20163317	16297259.34	100577	3	42	2017	16297259.34	201742
2017/10/12	21575301	17519446.74	107592	4	42	2017	17519446.74	201742
2017/10/13	25497428.6	20521885.14	127647	5	42	2017	20521885.14	201742
2017/10/14	45832065.8	37129198.16	224513	6	42	2017	37129198.16	201742
2017/10/15	50170752.7	40953926.82	244303	7	42	2017	40953926.82	201742
2017/10/16	25293547	20562699.82	124235	1	43	2017	20562699.82	201743
2017/10/17	25160255.9	20574265.72	122823	2	43	2017	20574265.72	201743
2017/10/18	23949673	19608999.74	118041	3	43	2017	19608999.74	201743
2017/10/19	21974783	18029824.5	107436	4	43	2017	18029824.5	201743
2017/10/20	24251304	19877253.4	118955	5	43	2017	19877253.4	201743
2017/10/21	43501104	35794170.44	208835	6	43	2017	35794170.44	201743
2017/10/22	45154305	37470773.82	216183	7	43	2017	37470773.82	201743
2017/10/23	21029595	17360777.66	100874	1	44	2017	17360777.66	201744
2017/10/24	20007699	16549018.02	95451	2	44	2017	16549018.02	201744
2017/10/25	25550789	16587033.84	135424	3	44	2017	16587033.84	201744
2017/10/26	18143533	14986446.4	87099	4	44	2017	14986446.4	201744
2017/10/27	23690930	18482287.1	111992	5	44	2017	18482287.1	201744
2017/10/28	47437445	35417849.32	216677	6	44	2017	0	201744
2017/10/29	55102758	41071737.08	246564	7	44	2017	41071737.08	201744
2017/10/30	21850516	17733642.74	99498	1	45	2017	17733642.74	201745
2017/10/31	21079936	17199553.34	97608	2	45	2017	17199553.34	201745
2017/11/1	22046691	17979563.1	101564	3	45	2017	17979563.1	201745
2017/11/2	18274361	15150176	83895	4	45	2017	15150176	201745
2017/11/3	35245685	24582173.34	158097	5	45	2017	24582173.34	201745
2017/11/4	78932614	52340551.16	338563	6	45	2017	52340551.16	201745
2017/11/5	94758315	60670889.14	404519	7	45	2017	60670889.14	201745
2017/11/6	18892774.9	15410786.88	84366	1	46	2017	15410786.88	201746
2017/11/7	17395102.1	14190104.92	77873	2	46	2017	14190104.92	201746
2017/11/8	17895332	14608854.78	79815	3	46	2017	14608854.78	201746
2017/11/9	17242014	14067196.64	75715	4	46	2017	14067196.64	201746
2017/11/10	28618823	20615979.96	120849	5	46	2017	20615979.96	201746
2017/11/11	88141368	60371599.18	347405	6	46	2017	0	201746
2017/11/12	68319426	47312490.22	271542	7	46	2017	47312490.22	201746
2017/11/13	19020890	15341278.86	79122	1	47	2017	15341278.86	201747
2017/11/14	17414380	14704539.1	73878	2	47	2017	14704539.1	201747
2017/11/15	23930757	16586339.48	97731	3	47	2017	16586339.48	201747
2017/11/16	21638390	18303730.1	88699	4	47	2017	18303730.1	201747
2017/11/17	25229443	20252255.92	99635	5	47	2017	20252255.92	201747
2017/11/18	57010554	45614578.72	210998	6	47	2017	45614578.72	201747
2017/11/19	65850415.8	52611213.34	244194	7	47	2017	52611213.34	201747
2017/11/20	28483490	23743148.16	108640	1	48	2017	23743148.16	201748
2017/11/21	26422837	21821878.36	100513	2	48	2017	21821878.36	201748
2017/11/22	25498519	21401344.4	98205	3	48	2017	21401344.4	201748
2017/11/23	25101931	20933367.54	94325	4	48	2017	0	201748
2017/11/24	32016462	25742983.66	119689	5	48	2017	25742983.66	201748
2017/11/25	59228492	46926701.82	216544	6	48	2017	46926701.82	201748
2017/11/26	60696121	47866530.59	225773	7	48	2017	47866530.59	201748
2017/11/27	21596938	17691723.4	80541	1	49	2017	17691723.4	201749
2017/11/28	19550014	15814352.82	73190	2	49	2017	15814352.82	201749
2017/11/29	18515246	15555285.32	69179	3	49	2017	15555285.32	201749
2017/11/30	22955862	18783007.8	84975	4	49	2017	18783007.8	201749
2017/12/1	32307041.9	25557012.1	117122	5	49	2017	25557012.1	201749
2017/12/2	53790953	43809621.44	189497	6	49	2017	43809621.44	201749
2017/12/3	52329683	42088980.96	185428	7	49	2017	42088980.96	201749
2017/12/4	21296164	17928257.5	78802	1	50	2017	17928257.5	201750
2017/12/5	20017068	17150176.8	73837	2	50	2017	17150176.8	201750
2017/12/6	20015793	16934430.6	74265	3	50	2017	16934430.6	201750
2017/12/7	20110435.9	16504788.88	73282	4	50	2017	16504788.88	201750
2017/12/8	25693388	20723479.7	89462	5	50	2017	20723479.7	201750
2017/12/9	47820084	38360507.1	162722	6	50	2017	38360507.1	201750
2017/12/10	50073117	40602629.75	171571	7	50	2017	40602629.75	201750
2017/12/11	21820273	17857715.1	77699	1	51	2017	17857715.1	201751
2017/12/12	28958116	22347143.6	97668	2	51	2017	22347143.6	201751
2017/12/13	22801679	17985136	75703	3	51	2017	17985136	201751
2017/12/14	22095267	16960881.54	73311	4	51	2017	16960881.54	201751
2017/12/15	24632097	20567531.74	85686	5	51	2017	20567531.74	201751
2017/12/16	54856137.9	42672664.06	178211	6	51	2017	42672664.06	201751
2017/12/17	63951382	49591768.58	208038	7	51	2017	49591768.58	201751
2017/12/18	24619784.9	20038440.04	83291	1	52	2017	20038440.04	201752
2017/12/19	21827814	17947167.82	76024	2	52	2017	17947167.82	201752
2017/12/20	20545389	16805297.02	72359	3	52	2017	16805297.02	201752
2017/12/21	19990664	16239171.22	72292	4	52	2017	16239171.22	201752
2017/12/22	25067957	18871814.94	89137	5	52	2017	18871814.94	201752
2017/12/23	55087404.8	38711590.12	187953	6	52	2017	38711590.12	201752
2017/12/24	67749171	47480541.65	230249	7	52	2017	47480541.65	201752
2017/12/25	32814955.9	23512958.95	115999	1	53	2017	0	201753
2017/12/26	20569791	15671345.45	75757	2	53	2017	15671345.45	201753
2017/12/27	19148921	14671395.16	70135	3	53	2017	14671395.16	201753
2017/12/28	17960301	13844984.25	66589	4	53	2017	13844984.25	201753
2017/12/29	30685142	21757095.28	105492	5	53	2017	21757095.28	201753
2017/12/30	74634064	50450900.79	246866	6	53	2017	50450900.79	201753
2017/12/31	103984421	70578662.24	340457	7	53	2017	70578662.24	201753
2018/1/1	125393490	83376982.7	410591	1	1	2018	0	201801
2018/1/2	24617638	18533432.2	86505	2	1	2018	18533432.2	201801
2018/1/3	19788736	14881799.11	71234	3	1	2018	14881799.11	201801
2018/1/4	20409853	14076018.75	70943	4	1	2018	14076018.75	201801
2018/1/5	24400118	17744661.37	83400	5	1	2018	17744661.37	201801
2018/1/6	39592080	28681598.24	129763	6	1	2018	28681598.24	201801
2018/1/7	44158570	32117221.03	147052	7	1	2018	32117221.03	201801
2018/1/8	23422051	17777574.06	80150	1	2	2018	17777574.06	201802
2018/1/9	25035324	18412692.62	84766	2	2	2018	18412692.62	201802
2018/1/10	24408018	17931263.11	83220	3	2	2018	17931263.11	201802
2018/1/11	25209746	18503566.26	85992	4	2	2018	18503566.26	201802
2018/1/12	30787135	22009690.78	104084	5	2	2018	22009690.78	201802
2018/1/13	55024107	38815498.55	182342	6	2	2018	38815498.55	201802
2018/1/14	61074690	42901430.6	206780	7	2	2018	42901430.6	201802
2018/1/15	25756655	18741198.3	91023	1	3	2018	18741198.3	201803
2018/1/16	24268524	17783340.01	88081	2	3	2018	17783340.01	201803
2018/1/17	24830508	18224160.45	91366	3	3	2018	18224160.45	201803
2018/1/18	25374175	17735635.74	93574	4	3	2018	17735635.74	201803
2018/1/19	30823276	22005030.07	113087	5	3	2018	22005030.07	201803
2018/1/20	51586390	36618523.22	186136	6	3	2018	36618523.22	201803
2018/1/21	58679243	41370322.72	211283	7	3	2018	41370322.72	201803
2018/1/22	28230146	20874679.9	105139	1	4	2018	20874679.9	201804
2018/1/23	30546977	21876442.84	109860	2	4	2018	21876442.84	201804
2018/1/24	30935781	22216301.76	109909	3	4	2018	22216301.76	201804
2018/1/25	29730340	20850438.29	109316	4	4	2018	20850438.29	201804
2018/1/26	40765280	28377394.04	139648	5	4	2018	28377394.04	201804
2018/1/27	59810158	40775299.46	204275	6	4	2018	40775299.46	201804
2018/1/28	75160614	50554476.49	253056	7	4	2018	50554476.49	201804
2018/1/29	46182279	31671554.18	158442	1	5	2018	31671554.18	201805
2018/1/30	43217849	31399401.08	151157	2	5	2018	31399401.08	201805
2018/1/31	45621247	33192091.29	161844	3	5	2018	33192091.29	201805
2018/2/1	53290255	39099736.44	191252	4	5	2018	39099736.44	201805
2018/2/2	59119106	41784931.6	204499	5	5	2018	41784931.6	201805
2018/2/3	83336666	58094241.44	288352	6	5	2018	58094241.44	201805
2018/2/4	100214133	70101645.7	349317	7	5	2018	70101645.7	201805
2018/2/5	63414323	46199668.05	231947	1	6	2018	46199668.05	201806
2018/2/6	64676320	47925414.2	239231	2	6	2018	47925414.2	201806
2018/2/7	66864045.9	49874511.35	249906	3	6	2018	49874511.35	201806
2018/2/8	74463653	55843103.25	281840	4	6	2018	0	201806
2018/2/9	80362932	60657122.4	308578	5	6	2018	0	201806
2018/2/10	102907428.9	77218506.59	392972	6	6	2018	0	201806
2018/2/11	98802635	75151028.05	385256	7	6	2018	0	201806
2018/2/12	102625904.9	79222886.19	406230	1	7	2018	0	201807
2018/2/13	104123557	81975418.1	424844	2	7	2018	0	201807
2018/2/14	100603020	80204864.97	420302	3	7	2018	0	201807
2018/2/15	35069584	27789741.2	147971	4	7	2018	0	201807
2018/2/16	17248453	12909198.1	75887	5	7	2018	0	201807
2018/2/17	17442281	13305139.3	77439	6	7	2018	0	201807
2018/2/18	20354042	15636083.1	92760	7	7	2018	0	201807
2018/2/19	22028767	17026724.54	101471	1	8	2018	0	201808
2018/2/20	24275823	18871079.69	112200	2	8	2018	0	201808
2018/2/21	26638974	20433898.9	119152	3	8	2018	0	201808
2018/2/22	27023568	21018689.84	119917	4	8	2018	21018689.84	201808
2018/2/23	26329131	20478371.25	119763	5	8	2018	20478371.25	201808
2018/2/24	24738811	18876457.1	113641	6	8	2018	18876457.1	201808
2018/2/25	29121524.9	22427896.3	134985	7	8	2018	22427896.3	201808
2018/2/26	23047962	17836752.68	108359	1	9	2018	17836752.68	201809
2018/2/27	21638651	16345859.98	102325	2	9	2018	16345859.98	201809
2018/2/28	22972669	17237948.78	113066	3	9	2018	17237948.78	201809
2018/3/1	23609449	17838223.6	117415	4	9	2018	17838223.6	201809
2018/3/2	26913645	20045870.5	134430	5	9	2018	0	201809
2018/3/3	34680546.8	25843155.48	177723	6	9	2018	25843155.48	201809
2018/3/4	31534707	23467036.3	170419	7	9	2018	23467036.3	201809
2018/3/5	17484280	12744404.8	92514	1	10	2018	12744404.8	201810
2018/3/6	14423081	10354897.1	76266	2	10	2018	10354897.1	201810
2018/3/7	14047600	9997354.2	73726	3	10	2018	9997354.2	201810
2018/3/8	23359555	16199980.36	119660	4	10	2018	0	201810
2018/3/9	20032271	14281647.7	103131	5	10	2018	14281647.7	201810
2018/3/10	35947994	25921944.87	184660	6	10	2018	25921944.87	201810
2018/3/11	39685790	29053632.52	204410	7	10	2018	29053632.52	201810
2018/3/12	17956507	13851765	96588	1	11	2018	13851765	201811
2018/3/13	18884875	14292186.3	105144	2	11	2018	14292186.3	201811
2018/3/14	18503804	13943317.7	104835	3	11	2018	13943317.7	201811
2018/3/15	17296151	12699976.7	99227	4	11	2018	12699976.7	201811
2018/3/16	19629597	14513335	111195	5	11	2018	14513335	201811
2018/3/17	32446152	23734300.16	179150	6	11	2018	23734300.16	201811
2018/3/18	36854617	25485767.9	194232	7	11	2018	25485767.9	201811
2018/3/19	14469284	10855557.3	82230	1	12	2018	10855557.3	201812
2018/3/20	14155866	10451377.2	81128	2	12	2018	10451377.2	201812
2018/3/21	16353902	11743410.44	91267	3	12	2018	11743410.44	201812
2018/3/22	17359687	12975758.56	100695	4	12	2018	12975758.56	201812
2018/3/23	78946228	18963030.52	371266	5	12	2018	18963030.52	201812
2018/3/24	41518524	30317512.5	240146	6	12	2018	30317512.5	201812
2018/3/25	45066606	33417460.21	269584	7	12	2018	33417460.21	201812
2018/3/26	20723927	15665635.98	131807	1	13	2018	15665635.98	201813
2018/3/27	20688988	16068110.9	138823	2	13	2018	16068110.9	201813
2018/3/28	20851936	16075133.3	145449	3	13	2018	16075133.3	201813
2018/3/29	26637987	15634341.7	163409	4	13	2018	15634341.7	201813
2018/3/30	24233533	18196174.5	164267	5	13	2018	18196174.5	201813
2018/3/31	42493706	32350366.82	288904	6	13	2018	32350366.82	201813
2018/4/1	45276301	35198349.72	323045	7	13	2018	35198349.72	201813
2018/4/2	20387941	16678139.2	155335	1	14	2018	16678139.2	201814
2018/4/3	18412755	15020732.6	140338	2	14	2018	15020732.6	201814
2018/4/4	19811906	15477443.23	140593	3	14	2018	15477443.23	201814
2018/4/5	43255946	31524329.25	283348	4	14	2018	0	201814
2018/4/6	45033265	32101147.92	282819	5	14	2018	0	201814
2018/4/7	35103212	24650767.92	223447	6	14	2018	0	201814
2018/4/8	17354871	13277635.7	119979	7	14	2018	13277635.7	201814
2018/4/9	15326294	12032245.88	108908	1	15	2018	12032245.88	201815
2018/4/10	15086042	12057783.96	109199	2	15	2018	12057783.96	201815
2018/4/11	15944486	12810156.82	114262	3	15	2018	12810156.82	201815
2018/4/12	15452414	11321809.3	106238	4	15	2018	11321809.3	201815
2018/4/13	16295198	12265605.24	114333	5	15	2018	12265605.24	201815
2018/4/14	27098143	20612830.71	181865	6	15	2018	20612830.71	201815
2018/4/15	31889423	24691512.82	217269	7	15	2018	24691512.82	201815
2018/4/16	16531868	12770087.08	114280	1	16	2018	12770087.08	201816
2018/4/17	16192260	12761288.28	116284	2	16	2018	12761288.28	201816
2018/4/18	18311508	14128883.9	134678	3	16	2018	14128883.9	201816
2018/4/19	18256794	14453542.84	137221	4	16	2018	14453542.84	201816
2018/4/20	20080789	16092823.94	152606	5	16	2018	16092823.94	201816
2018/4/21	29794505	24387951.46	224719	6	16	2018	24387951.46	201816
2018/4/22	32005085	26285817.18	240753	7	16	2018	26285817.18	201816
2018/4/23	15076660	12171851.02	111822	1	17	2018	12171851.02	201817
2018/4/24	15942076	12658107.88	117815	2	17	2018	12658107.88	201817
2018/4/25	16040642	13062723.66	120112	3	17	2018	13062723.66	201817
2018/4/26	16076863	13072980.3	121689	4	17	2018	13072980.3	201817
2018/4/27	18253643	14719995.02	140384	5	17	2018	14719995.02	201817
2018/4/28	23782161	19208836.24	185520	6	17	2018	19208836.24	201817
2018/4/29	52739045	41515699.99	411817	7	17	2018	0	201817
2018/4/30	63731256	50319404.09	504087	1	18	2018	0	201818
2018/5/1	61788434	47573568.5	485837	2	18	2018	0	201818
2018/5/2	20475033	16704681.88	161730	3	18	2018	16704681.88	201818
2018/5/3	17168181	13807367.62	134988	4	18	2018	13807367.62	201818
2018/5/4	17559543	14439405.69	138123	5	18	2018	14439405.69	201818
2018/5/5	24305819	19613908.06	189418	6	18	2018	19613908.06	201818
2018/5/6	26418777	21569526.03	207001	7	18	2018	21569526.03	201818
2018/5/7	14935622	11996213.96	117478	1	19	2018	11996213.96	201819
2018/5/8	14419028	11795593.06	113193	2	19	2018	11795593.06	201819
2018/5/9	14082964	11415394.98	110526	3	19	2018	11415394.98	201819
2018/5/10	14230784	11344793.52	110210	4	19	2018	11344793.52	201819
2018/5/11	16288355	13166505.28	128536	5	19	2018	13166505.28	201819
2018/5/12	28743979	23255901.59	228505	6	19	2018	23255901.59	201819
2018/5/13	33553826	27511035.76	268738	7	19	2018	0	201819
2018/5/14	16724728	13992525.08	135978	1	20	2018	13992525.08	201820
2018/5/15	17582198	14780893.4	142473	2	20	2018	14780893.4	201820
2018/5/16	18195995	15300386.4	147586	3	20	2018	15300386.4	201820
2018/5/17	18340612	15061149.32	146038	4	20	2018	15061149.32	201820
2018/5/18	20487784	16742035.34	164148	5	20	2018	16742035.34	201820
2018/5/19	32749359	26564613.66	261112	6	20	2018	26564613.66	201820
2018/5/20	35679227	28952948.72	280856	7	20	2018	28952948.72	201820
2018/5/21	14339971	11805910.3	114366	1	21	2018	11805910.3	201821
2018/5/22	13609660	11093904.2	107805	2	21	2018	11093904.2	201821
2018/5/23	14172772	11507731.5	113188	3	21	2018	11507731.5	201821
2018/5/24	14271682	11598593.64	113298	4	21	2018	11598593.64	201821
2018/5/25	15943875	12837494.2	127456	5	21	2018	12837494.2	201821
2018/5/26	29851474	23195998.1	234775	6	21	2018	23195998.1	201821
2018/5/27	33012416	25160469.49	251792	7	21	2018	25160469.49	201821
2018/5/28	15286051	12015725.15	119058	1	22	2018	12015725.15	201822
2018/5/29	14466259	11442952.84	112893	2	22	2018	11442952.84	201822
2018/5/30	15195400	12044915.92	116762	3	22	2018	12044915.92	201822
2018/5/31	15596724	12690004.22	120577	4	22	2018	12690004.22	201822
2018/6/1	20166934	15985844.78	161005	5	22	2018	0	201822
2018/6/2	27571022	22045596.14	219165	6	22	2018	22045596.14	201822
2018/6/3	28314998	22507092.61	224246	7	22	2018	22507092.61	201822
2018/6/4	13586243	11334041.71	105831	1	23	2018	11334041.71	201823
2018/6/5	14362854	11847943.21	114241	2	23	2018	11847943.21	201823
2018/6/6	15505704	12854873.04	123451	3	23	2018	12854873.04	201823
2018/6/7	14827526	12176586.73	118429	4	23	2018	12176586.73	201823
2018/6/8	16612664	13330341.81	131906	5	23	2018	13330341.81	201823
2018/6/9	25129961	19995115.27	198288	6	23	2018	19995115.27	201823
2018/6/10	27559181	21676790.42	218011	7	23	2018	21676790.42	201823
2018/6/11	86010683	14956169.8	424671	1	24	2018	14956169.8	201824
2018/6/12	13657959	11126743.82	108529	2	24	2018	11126743.82	201824
2018/6/13	13841404	11179869.36	110089	3	24	2018	11179869.36	201824
2018/6/14	14214537	11465845.13	112698	4	24	2018	11465845.13	201824
2018/6/15	17722560	13824391.62	140623	5	24	2018	13824391.62	201824
2018/6/16	35355333	25842887.78	280163	6	24	2018	0	201824
2018/6/17	41060563	30080510.35	325477	7	24	2018	0	201824
2018/6/18	38005606	27803946.48	300121	1	25	2018	0	201825
2018/6/19	15214144	11909129.96	121902	2	25	2018	11909129.96	201825
2018/6/20	14775282	11182885.62	113923	3	25	2018	11182885.62	201825
2018/6/21	14289489	11154132.96	113453	4	25	2018	11154132.96	201825
2018/6/22	14534616	11176366.71	116469	5	25	2018	11176366.71	201825
2018/6/23	21913844	16597652.87	174647	6	25	2018	16597652.87	201825
2018/6/24	24476475	18519908.95	193329	7	25	2018	18519908.95	201825
2018/6/25	14016493.9	10848634.26	111483	1	26	2018	10848634.26	201826
2018/6/26	16360267	12458328.57	125313	2	26	2018	12458328.57	201826
2018/6/27	16776634	12782425.35	130946	3	26	2018	12782425.35	201826
2018/6/28	17139847	12891931.42	132664	4	26	2018	12891931.42	201826
2018/6/29	19928633	14565222.53	156440	5	26	2018	14565222.53	201826
2018/6/30	28841373	20656441.07	221982	6	26	2018	20656441.07	201826
2018/7/1	29431939	21661255.21	235247	7	26	2018	0	201826
2018/7/2	17290747	12891946.85	138446	1	27	2018	12891946.85	201827
2018/7/3	16647903	12480816.35	133793	2	27	2018	12480816.35	201827
2018/7/4	16111186	12077184.58	129125	3	27	2018	12077184.58	201827
2018/7/5	16770104	12523892.23	134389	4	27	2018	12523892.23	201827
2018/7/6	18748271	13704822.89	149679	5	27	2018	13704822.89	201827
2018/7/7	26176242	18749483.08	208425	6	27	2018	18749483.08	201827
2018/7/8	29072090	20843316.4	231814	7	27	2018	20843316.4	201827
2018/7/9	17547179	12702895.49	140469	1	28	2018	12702895.49	201828
2018/7/10	17334012	12425847.86	137156	2	28	2018	12425847.86	201828
2018/7/11	16539346	12095854.4	131833	3	28	2018	12095854.4	201828
2018/7/12	19093202	13170426.29	147761	4	28	2018	13170426.29	201828
2018/7/13	18780389.7	13317437.85	149470	5	28	2018	13317437.85	201828
2018/7/14	27096702	18708191.85	214677	6	28	2018	18708191.85	201828
2018/7/15	31306378	21679043.66	248093	7	28	2018	21679043.66	201828
2018/7/16	18724924	13371561.93	149107	1	29	2018	13371561.93	201829
2018/7/17	18523457	13195241.28	147083	2	29	2018	13195241.28	201829
2018/7/18	19724303	13162703.87	150618	3	29	2018	13162703.87	201829
2018/7/19	17934982	12762217.96	142384	4	29	2018	12762217.96	201829
2018/7/20	19610796	13579131.55	155434	5	29	2018	13579131.55	201829
2018/7/21	27832724	18570075.76	219390	6	29	2018	18570075.76	201829
2018/7/22	30008281	20163884.92	236004	7	29	2018	20163884.92	201829
2018/7/23	50013323	14175701.1	338808	1	30	2018	14175701.1	201830
2018/7/24	33279613	12948752.8	232592	2	30	2018	12948752.8	201830
2018/7/25	19612268	12777875.4	151418	3	30	2018	12777875.4	201830
2018/7/26	18187314	12525632.62	143106	4	30	2018	12525632.62	201830
2018/7/27	20867934	13910204.98	165065	5	30	2018	13910204.98	201830
2018/7/28	28087298	18112941.28	220745	6	30	2018	18112941.28	201830
2018/7/29	32374430	20800183.82	253327	7	30	2018	20800183.82	201830
2018/7/30	18793614	12720095.48	147009	1	31	2018	12720095.48	201831
2018/7/31	19448078	13003786.43	151739	2	31	2018	13003786.43	201831
2018/8/1	20773345	13630395.08	163666	3	31	2018	0	201831
2018/8/2	21050168	13130192.62	160725	4	31	2018	13130192.62	201831
2018/8/3	19826486	13052049.7	153869	5	31	2018	13052049.7	201831
2018/8/4	27362424	17712517.8	209988	6	31	2018	17712517.8	201831
2018/8/5	30461480	19913741.44	230602	7	31	2018	19913741.44	201831
2018/8/6	19566463	13018637.34	149215	1	32	2018	13018637.34	201832
2018/8/7	18820359	12512287.14	143508	2	32	2018	12512287.14	201832
2018/8/8	19334922	12856745.35	146028	3	32	2018	12856745.35	201832
2018/8/9	19304446	12837482.46	144581	4	32	2018	12837482.46	201832
2018/8/10	20943332	13578689.54	157916	5	32	2018	13578689.54	201832
2018/8/11	28697636	18458810.7	212282	6	32	2018	18458810.7	201832
2018/8/12	31231601	20379793.5	231648	7	32	2018	20379793.5	201832
2018/8/13	21802919	14425259.9	161517	1	33	2018	14425259.9	201833
2018/8/14	20989082	14120371.05	153270	2	33	2018	14120371.05	201833
2018/8/15	22854962	15331622.46	163917	3	33	2018	15331622.46	201833
2018/8/16	23751875	16219531.5	168201	4	33	2018	16219531.5	201833
2018/8/17	32828465	21087739.4	230962	5	33	2018	0	201833
2018/8/18	32330685	21926455.08	227145	6	33	2018	21926455.08	201833
2018/8/19	34435383	23542053.5	244313	7	33	2018	23542053.5	201833
2018/8/20	23409359	16219256.94	164123	1	34	2018	16219256.94	201834
2018/8/21	23935090	16712053.88	164928	2	34	2018	16712053.88	201834
2018/8/22	24263707	17163474.39	165165	3	34	2018	17163474.39	201834
2018/8/23	23617322	16748306.54	160832	4	34	2018	16748306.54	201834
2018/8/24	25215606	16869013.64	174240	5	34	2018	16869013.64	201834
2018/8/25	31222919	21921799.08	208135	6	34	2018	21921799.08	201834
2018/8/26	36021559	25842509.36	243336	7	34	2018	25842509.36	201834
2018/8/27	24832155	17392466.34	162613	1	35	2018	17392466.34	201835
2018/8/28	22663478	16143361.32	152683	2	35	2018	16143361.32	201835
2018/8/29	22613752	16268749.84	153035	3	35	2018	16268749.84	201835
2018/8/30	24019015	17448627.4	159284	4	35	2018	17448627.4	201835
2018/8/31	26823957	18611054.9	180561	5	35	2018	18611054.9	201835
2018/9/1	31916963	23051517.3	210873	6	35	2018	23051517.3	201835
2018/9/2	34728399	24526806.38	227249	7	35	2018	24526806.38	201835
2018/9/3	18131545	13048083.88	119910	1	36	2018	13048083.88	201836
2018/9/4	18650142	13792167.24	116085	2	36	2018	13792167.24	201836
2018/9/5	17181847	12763355.3	110173	3	36	2018	12763355.3	201836
2018/9/6	17789656	13257346.78	112406	4	36	2018	13257346.78	201836
2018/9/7	22481602	16130671.2	140391	5	36	2018	16130671.2	201836
2018/9/8	36540821	27918884.6	216682	6	36	2018	27918884.6	201836
2018/9/9	38910611	29659433.94	230996	7	36	2018	29659433.94	201836
2018/9/10	29479765	16199105.08	159721	1	37	2018	0	201837
2018/9/11	19074352	14569844.8	112915	2	37	2018	14569844.8	201837
2018/9/12	18625737	14266199.74	109815	3	37	2018	14266199.74	201837
2018/9/13	18439641	14173611.22	109497	4	37	2018	14173611.22	201837
2018/9/14	21019807	15948822.25	121209	5	37	2018	15948822.25	201837
2018/9/15	35389450	27295379.44	197445	6	37	2018	27295379.44	201837
2018/9/16	36736328	28807581.19	199276	7	37	2018	28807581.19	201837
2018/9/17	19237927	15020777.8	107663	1	38	2018	15020777.8	201838
2018/9/18	17285627	13582631.8	99369	2	38	2018	13582631.8	201838
2018/9/19	17878899	13531055.7	102216	3	38	2018	13531055.7	201838
2018/9/20	16968748	13157538.27	97062	4	38	2018	13157538.27	201838
2018/9/21	20263430	15319378.33	113996	5	38	2018	15319378.33	201838
2018/9/22	42634428.9	31929892.62	228910	6	38	2018	0	201838
2018/9/23	51771780.9	38973805.42	277765	7	38	2018	0	201838
2018/9/24	56941270.7	42702730.75	303635	1	39	2018	0	201839
2018/9/25	22656008.8	17484881.94	121705	2	39	2018	17484881.94	201839
2018/9/26	21649880	17013338.64	115899	3	39	2018	17013338.64	201839
2018/9/27	23562694	17379016.91	122393	4	39	2018	17379016.91	201839
2018/9/28	24988044	18178240.55	131850	5	39	2018	18178240.55	201839
2018/9/29	25247549	20112514.56	135261	6	39	2018	20112514.56	201839
2018/9/30	35410746	26901863.48	183620	7	39	2018	26901863.48	201839
2018/10/1	85605283	63956165.8	431959	1	40	2018	0	201840
2018/10/2	74827673	56548063.08	374953	2	40	2018	0	201840
2018/10/3	64202633	48690492.43	317449	3	40	2018	0	201840
2018/10/4	53950395	40696322.72	268871	4	40	2018	0	201840
2018/10/5	48405919	36660213.01	239938	5	40	2018	0	201840
2018/10/6	45629164	34614450.1	224608	6	40	2018	0	201840
2018/10/7	39094911	29417989.14	194760	7	40	2018	0	201840
2018/10/8	18779587	14546509.5	94282	1	41	2018	14546509.5	201841
2018/10/9	19738374	15662906.84	97375	2	41	2018	15662906.84	201841
2018/10/10	23921709	19263426.35	115442	3	41	2018	19263426.35	201841
2018/10/11	24980420	20294249.74	121337	4	41	2018	20294249.74	201841
2018/10/12	28357164	21394561.69	135439	5	41	2018	21394561.69	201841
2018/10/13	45464103	36017945.83	214780	6	41	2018	36017945.83	201841
2018/10/14	47832860.3	39010544.21	225805	7	41	2018	39010544.21	201841
2018/10/15	22605272	18396067.74	107454	1	42	2018	18396067.74	201842
2018/10/16	23807419	19326365.27	112935	2	42	2018	19326365.27	201842
2018/10/17	22470141	18420011.87	105497	3	42	2018	0	201842
2018/10/18	24015823	18672239.66	112286	4	42	2018	18672239.66	201842
2018/10/19	25512641	20553525.16	116432	5	42	2018	20553525.16	201842
2018/10/20	44347861	36217872.97	198511	6	42	2018	36217872.97	201842
2018/10/21	44279939	36236083.47	199908	7	42	2018	36236083.47	201842
2018/10/22	19341257	15906606.95	88790	1	43	2018	15906606.95	201843
2018/10/23	21353826	16751731.86	93748	2	43	2018	16751731.86	201843
2018/10/24	18753109	15039484.44	87107	3	43	2018	15039484.44	201843
2018/10/25	18916620	14387849.3	88792	4	43	2018	14387849.3	201843
2018/10/26	22940188	18209154.64	102338	5	43	2018	18209154.64	201843
2018/10/27	48869831	36066846.6	213453	6	43	2018	36066846.6	201843
2018/10/28	49437985	36269355.4	217444	7	43	2018	36269355.4	201843
2018/10/29	17955114	14320606.12	80759	1	44	2018	14320606.12	201844
2018/10/30	17030482	13689693.3	76848	2	44	2018	13689693.3	201844
2018/10/31	17816965	14434144.46	79752	3	44	2018	14434144.46	201844
2018/11/1	19973322	15230696.21	88188	4	44	2018	15230696.21	201844
2018/11/2	21659503	17139216.04	93448	5	44	2018	17139216.04	201844
2018/11/3	82503476	52763989.22	354890	6	44	2018	52763989.22	201844
2018/11/4	79963602	51551070.86	339704	7	44	2018	51551070.86	201844
2018/11/5	42855554	15700378.86	228794	1	45	2018	15700378.86	201845
2018/11/6	17256696	14438110.7	71721	2	45	2018	14438110.7	201845
2018/11/7	86828367	17686499.92	385356	3	45	2018	17686499.92	201845
2018/11/8	47420714	16063963.74	177244	4	45	2018	16063963.74	201845
2018/11/9	27216952	20373074.86	109057	5	45	2018	20373074.86	201845
2018/11/10	78129210	51412548.71	296309	6	45	2018	51412548.71	201845
2018/11/11	108052432	69340335.6	406981	7	45	2018	0	201845
2018/11/12	23567099	16789598.7	89790	1	46	2018	16789598.7	201846
2018/11/13	22302083	16933403.51	84566	2	46	2018	16933403.51	201846
2018/11/14	29528713	16140259.62	117270	3	46	2018	16140259.62	201846
2018/11/15	16873341	13933655.34	66000	4	46	2018	13933655.34	201846
2018/11/16	23456533	18816140.7	89000	5	46	2018	18816140.7	201846
2018/11/17	48430898	38179256.22	177655	6	46	2018	38179256.22	201846
2018/11/18	48258561	37803068.16	176703	7	46	2018	37803068.16	201846
2018/11/19	20626753	17021225.28	78526	1	47	2018	17021225.28	201847
2018/11/20	20931795	15965200.76	80196	2	47	2018	15965200.76	201847
2018/11/21	18787631	15579463.62	72272	3	47	2018	15579463.62	201847
2018/11/22	19525723	16087815.92	74787	4	47	2018	16087815.92	201847
2018/11/23	25356199	19732993.34	94828	5	47	2018	19732993.34	201847
2018/11/24	51670895	38206873.54	183479	6	47	2018	0	201847
2018/11/25	52285425	38280317.66	186248	7	47	2018	38280317.66	201847
2018/11/26	16955386	13878748.6	65806	1	48	2018	13878748.6	201848
2018/11/27	28356624	14293474.5	101776	2	48	2018	14293474.5	201848
2018/11/28	16978141	13733191.62	65145	3	48	2018	13733191.62	201848
2018/11/29	16918592	13468639.68	65169	4	48	2018	13468639.68	201848
2018/11/30	25855285	19017581	99384	5	48	2018	19017581	201848
2018/12/1	43810760	34157974.23	158397	6	48	2018	34157974.23	201848
2018/12/2	42164842	32386284.19	153564	7	48	2018	32386284.19	201848
2018/12/3	16034993	12895682.48	61084	1	49	2018	12895682.48	201849
2018/12/4	16351795	13285293.58	60290	2	49	2018	13285293.58	201849
2018/12/5	25400495	17918415.37	92419	3	49	2018	17918415.37	201849
2018/12/6	18746550	15003957.37	64874	4	49	2018	15003957.37	201849
2018/12/7	33303598	24161338.35	111484	5	49	2018	24161338.35	201849
2018/12/8	66528196	49664215.23	205442	6	49	2018	49664215.23	201849
2018/12/9	77848096	57917862.59	240339	7	49	2018	57917862.59	201849
2018/12/10	33032120	24675943.56	109874	1	50	2018	24675943.56	201850
2018/12/11	32132552	23512503.86	102752	2	50	2018	23512503.86	201850
2018/12/12	38015959	28842090.65	117471	3	50	2018	28842090.65	201850
2018/12/13	24441747	19296200.24	80806	4	50	2018	19296200.24	201850
2018/12/14	32405315	23100761.56	106681	5	50	2018	23100761.56	201850
2018/12/15	53752182	40008500.78	169194	6	50	2018	40008500.78	201850
2018/12/16	58384757	44218025.54	184791	7	50	2018	44218025.54	201850
2018/12/17	19518540	15592054.1	67181	1	51	2018	15592054.1	201851
2018/12/18	17631723	13815567.84	63401	2	51	2018	13815567.84	201851
2018/12/19	18024616	13663342.64	65040	3	51	2018	13663342.64	201851
2018/12/20	16636184	13403828.71	58443	4	51	2018	13403828.71	201851
2018/12/21	21258372	15990875.48	74132	5	51	2018	15990875.48	201851
2018/12/22	46736744	32867080.76	152988	6	51	2018	32867080.76	201851
2018/12/23	54712182	38108277.5	174717	7	51	2018	38108277.5	201851
2018/12/24	33802038	23121749.36	107520	1	52	2018	23121749.36	201852
2018/12/25	34147517	23125662.4	106912	2	52	2018	0	201852
2018/12/26	23163770	16751927.4	79121	3	52	2018	16751927.4	201852
2018/12/27	26077212	19287703.46	90793	4	52	2018	19287703.46	201852
2018/12/28	32096614	24377028.02	109261	5	52	2018	24377028.02	201852
2018/12/29	48899321	33610790.62	150411	6	52	2018	33610790.62	201852
2018/12/30	101812787	66600041.45	292591	7	52	2018	66600041.45	201852
2018/12/31	138690196.9	86939251.8	398885	1	53	2018	86939251.8	201853
